id,pais,estado,populacao
1,Brasil,São Paulo,2250000
2,Brasil,Rio de Janeiro,1700000
3,Brasil,Minas Gerais,2000000
4,Argentina,Buenos Aires,1500000
5,Argentina,Córdoba,900000
6,Argentina,Santa Fé,800000
7,Colômbia,Bogotá,1800000
8,Colômbia,Medellín,1200000
9,Colômbia,Calí,1000000
10,Chile,Santiago,2100000
