id,estado,media_de_renda
001,São Paulo,2250000.0
002,Rio de Janeiro,1700000.0
003,Minas Gerais,2000000.0
004,Buenos Aires,1500000.0
005,Córdoba,900000.0
006,Santa Fé,800000.0
007,Bogotá,1800000.0
008,Medellín,1200000.0
009,Calí,1000000.0
0010,Santiago,2100000.0
