id,pais,estado,populacao,media_de_renda
1,Brasil,São Paulo,2250000,2250000.0
2,Brasil,Rio de Janeiro,1700000,1700000.0
3,Brasil,Minas Gerais,2000000,2000000.0
4,Argentina,Buenos Aires,1500000,1500000.0
5,Argentina,Córdoba,900000,900000.0
6,Argentina,Santa Fé,800000,800000.0
7,Colômbia,Bogotá,1800000,1800000.0
8,Colômbia,Medellín,1200000,1200000.0
9,Colômbia,Calí,1000000,1000000.0
10,Chile,Santiago,2100000,2100000.0
